{"cameraMode":{"drawMode":0,"name":"Shaded","section":"Shading Mode"},"sceneLighting":true,"audioPlay":false,"sceneViewState":{"showFog":true,"showMaterialUpdate":false,"showSkybox":true,"showFlares":true,"showImageEffects":true,"showParticleSystems":true},"in2DMode":false,"pivot":{"x":1.1298271417617798,"y":-0.8564659953117371,"z":-1.6557915210723878},"rotation":{"x":0.0910719633102417,"y":0.8960939049720764,"z":-0.2167355865240097,"w":0.37654322385787966},"size":1.8073949813842774,"orthographic":false}